,Unnamed: 0,Molecule Name,Pubchem ID #,Note,SMILES String,Other SMILES,Method,Contributor,Detection Threshold,Detection Units,Normalized Detection Threshold,Molecule Odour,Resources,N,log_abs,det
0,0,(R)-(-)-gamma-ionone,11389922,,CC(=O)/C=C/[C@H]1C(=C)CCCC1(C)C,,,,1.10E+01,ppb water,11.0,"Weak green, fruity, pineapple-like odor with metallic aspects, quite different from the typical ionone odor; however, slightly woody, ionone-type nuances are also present.",Rows 66-100 are from here: https://www.jstage.jst.go.jp/article/fsti9596t9798/3/4/3_4_402/_pdf,0,2.196294645143968,-0.8566269000422597
2,2,(4R)-(-)-carvone,439570,,CC1=CC[C@H](CC1=O)C(=C)C,,,,2.00E+00,ppb,2.0,"sweet spearmint, fresh herbal",Rows 122 - 193 are from here: https://github.com/hcshadmany/enantiomerlist ;Folder: Acyclics,1,1.8129133566428555,0.5954294124289493
4,4,"(4R,7R)-(+)-galaxolide",14177988,,C[C@H]1COCC2=CC3=C(C=C12)C([C@H](C3(C)C)C)(C)C,,,,4.40E-01,ppb in air,0.44,weak to almost odorless,Rows 224-267 are from here: https://github.com/hcshadmany/enantiomerlist ; Folder: Lactones,2,2.6434526764861874,-2.69995591731767
6,6,"(4R,4aS,6R)-(+) nootkatone",1268142,,C[C@@H]1CC(=O)C=C2[C@]1(C[C@@H](CC2)C(=C)C)C,,,,1.50E+01,ppm,15000.0,grapefruit odor,Rows 370-407 are from here: https://github.com/hcshadmany/enantiomerlist ; Folder:  MoreOdorants,3,3.6434526764861874,4.4770225626429045
8,8,"(2S,4R)-(+) cis-2-methyl-4-propyl-1,3-oxathiane",6931728,,CCC[C@@H]1CCO[C@@H](S1)C,,,,2.00E+00,ppb,2.0,"ctypical sulfurous, with a rubbery onion note; in addition, there is a fruitiness reminiscent of grapefruit peel, mango, and passion fruit\\xe2\\x80\\x9d",Rows 424-435 are from here: https://github.com/hcshadmany/enantiomerlist ; Folder: Sesquiterpenoid & Diterpenoid Related Odorants,4,0.3010299956639812,0.4259687322722811
10,10,"(2S,2\\\'S,5\\\'S)-Lilac aldehyde",441572,,C[C@H](C=O)[C@@H]1CC[C@@](O1)(C)C=C,,,,2.00E-01,ng,0.0002,"fresh, flowery",,5,2.041392685158225,-3.40187030230047
16,16,"(1R,2S)-(+)-Methyl epidihydrojasmonate",1738122,,CCCCC[C@H]1[C@H](CCC1=O)CC(=O)OC,,,,1.50E+01,ppb,15.0,"intensely floral, jasminelike, bright, cis-jasmone, slightly fatty, woody, \\xc3\\x9f-ionone like, extremely long lasting",,8,2.9208187539523753,1.4766004137834767
18,18,"(4R,2S)-(-)-cis-rose oxide",1712087,,C[C@@H]1CCO[C@@H](C1)C=C(C)C,,,,5.00E-01,ppb,0.5,"floral green with clean sharp, light, rose green note, diffusive, strong; also has been described as powerful fruity",,9,2.0,-0.004321373782642578
20,20,(R)-(-)- muscone/(R)--3-methyl cyclopentadecanone,7160826,,C[C@@H]1CCCCCCCCCCCCC(=O)C1,,,,6.10E+01,ppb,61.0,"rich, powerful, musky",,10,0.582026086015252,1.9853684212886098
24,24,L-(-)-glutamatic acid,33032,,C(CC(=O)O)[C@@H](C(=O)O)N,,,,4.00E-01,ug/L in water,0.4,characteristic umami taste,,12,0.0,-0.3979400086720376
26,26,"(1R,2S,4R)-(+)-borneol",6552009,,C[C@@]12CC[C@@H](C1(C)C)C[C@@H]2O,,,,1.60E+01,ppb,16.0,"weak camphor-like odor, unpleasantly peppery",,13,0.0,1.2041199826559248
28,28,(R)-(+)-1-p-menthen- 8-thiol,44152305,,CC1=CC[C@@H](CC1)C(C)(C)S,,,,2.00E-05,ppb,2e-05,pleasant odor of fresh grapefruit juice,,14,1.6020599913279623,-4.40866387406381
30,30,"(1R,2S)-(+)-(Z) Methyl epijasmonate",6427970,,CC/C=C\\C[C@H]1[C@H](CCC1=O)CC(=O)OC,,,,3.00E+00,ppb,3.0,"strong, jasmine- like odor",,15,98.52287874528034,0.7781512503836436
34,34,(R)-(+)-undecavertol,40428776,,CCCCC[C@H](/C(=C/CC)/C)O,,,,3.10E-01,ng/L air,0.00031,"similar to the racemate smell floral, green, fresh violet leaves, but it is stronger and more green",,17,1.1807361641014449,-3.2353481784332745
38,38,(R)-(+)-(E)-alpha-damascone,1268130,,C/C=C/C(=O)[C@H]1C(=CCCC1(C)C)C,,,,1.00E+02,ppb,100.0,"odor character was reminiscent of rose petals, with apple & fruitier notes than (S)-(-)-(E)-alpha-damascone . When used as a flavoring ingredient, (R)-(+)-alpha-damascone possesses also a somehat woody, camphory, dirty and musty taste.",,19,1.8239087409443189,0.4706552124704307
40,40,"(1S,5R)-(+)-cis-alpha-irone",5281521,,C[C@@H]1CC=C([C@@H](C1(C)C)/C=C/C(=O)C)C,,,,1.00E+05,ppb,100000.0,"iris, sweet irone odour, woody ionone, floral, fruity (Galfry, et.al, by GC sniffing); Violet like, with woody, methylionone undertones (Brenna, et. al.)",,20,1.0,4.259637310505756
42,42,(S)-(+)-2-methylbutanal,6971249,,CC[C@H](C)C=O,,,,1.00E+01,ppm in air,10000.0,"pungent, fresh, fruity (Boelens, et. al.); Peculiar to burnt cocoa and coffee like, in high concentrations pungent (Bartschat et. al)",,21,1.0,4.259637310505756
44,44,(S)-(+)-1-octen-3-ol,2724898,,CCCCC[C@@H](C=C)O,,,,1.00E+02,ppb in aqueous ethanol,100.0,"moldy, grassy, artificial; also desribed as herbaceous, green, musty",,22,1.0,1.2596373105057561
46,46,"(1R,3R,1\\\'S,2\\\'R,4\\\'S,6\\\'S)-(+)-threo-trans-3-isocamphylcyclohexanol",106673,,C[C@H]1[C@H]2C[C@H](C[C@@H]2[C@@H]3CCC[C@@H](O)C3)C1(C)C,C[C@H]1[C@H]2C[C@H](C[C@@H]2[C@@H]3CCC[C@@H](O)C3)C1(C)C,ChemDraw + Cactus,DW,2.00E-01,ppb water,0.2,"Strong, diffusive, and sandalwood-like odor; natural sandalwood odor, but very strong and keen",,23,2.6989700043360187,-0.39880773020326454
48,48,"(+)-(4R,7S)-7-Methyl-4-isopropyl-4,5,6,7-tetrahydro-1,3-benzothiazole",7222,,CC(C)[C@H]1CC[C@H](C)c2scnc12,CC(C)[C@H]1CC[C@H](C)c2scnc12,Cactus,DW,1.80E-01,ppb water,0.18,Bell pepper odor,,24,2.0871501757189,-0.44723636022364777
50,50,"(2S,4S)-(-)-cis-dihydrorose oxide ",114530,,CC(C)C[C@H]1C[C@@H](C)CCO1,CC(C)C[C@H]1C[C@@H](C)CCO1,ChemDraw + Cactus,DW,4.50E+02,ppb,450.0,"(herbal green) herbal, leafy green, heavy",,25,1.4227635923970698,1.5153745502514866
52,52,"(+)-(2S,4R)-2-Acetyl-p-menth-6-ene",854499,,CC(C)[C@@H]1CC=C(C)[C@H](C1)C(C)=O,CC(C)[C@@H]1CC=C(C)[C@H](C1)C(C)=O,Expanded Leffingwell Name + Cactus,DW,2.00E+00,ppm in water,2000.0,"remarkably different in aroma than its (-)-(2R,4S)-enantiomer having a disagreeable tree-like note",,26,1.3010299956639813,2.279840696594043
54,54,"(1\\\'R,6\\\'S)-(+)-1-(2\\\',2\\\',6\\\'-Trimethyl-cyclohexyl)-pentan-3-ol",10829712,,CC[C@@H](O)CC[C@@H]1[C@@H](C)CCCC1(C)C,CC[C@@H](O)CC[C@@H]1[C@@H](C)CCCC1(C)C,ChemDraw + Cactus,DW,5.60E+01,ppb,56.0,very diffusive sharp amber odor with slight orrisy camphoraceous side note,,27,1.2012019796387123,2.0227168929133015
56,56,(R)-(+)-5-heptylpentan-5-olide,12844,,CCCCCCC[C@@H]1CCCC(=O)O1,CCCCCCC[C@@H]1CCCC(=O)O1,Cactus,DW,5.00E+02,ppb,500.0,"Fruity, sweet, apricot",,28,1.0,1.958607314841775
60,60,"(+)-(2R)-2-methyl-4-[(1S)-2,2,3-trimethylcyclopent-3-en-1-yl]butan-1-ol",1747971,,CC1=CC[C@@H](C1(C)C)CC[C@@H](C)CO,,,,1.45E+01,ppb,14.5,peculiar sandalwood\\\'s strongly excellent smell,,30,1.0866052641268318,1.428202485956121
62,62,"(1\\\'R,E)-(-)-2-Ethyl-4-(2\\\',2\\\',3\\\'-trimethyl-cyclopent-3-enyl)-but-2-en-1-ol",119898,,CC\\C(CO)=C/C[C@H]1CC=C(C)C1(C)C,CC\\C(CO)=C/C[C@H]1CC=C(C)C1(C)C,ChemDraw + Cactus,DW,8.50E-01,ppb,0.85,"clean, bright and strong sandalwood oil odor with richness and a woody note",,31,1.7140337507718948,0.22213915048435046
64,64," ( 1S,5S)-(-)-\\xce\\xb1-Pinene",440968,Changed from PubChem ID 6654,CC1=CC[C@H]2C[C@@H]1C2(C)C,CC1=CC[C@H]2C[C@@H]1C2(C)C,Different PubChem ID,DW,1.00E-01,ppb,0.1,"harsh, terpene-like, coniferous",,32,0.6989700043360189,-1.4771212547196624
66,66," (1R,5R)-(+)-\\xce\\xb2-Pinene",10290825,,CC1([C@@H]2CCC(=C)[C@H]1C2)C,,,,2.54E+00,ppb,2.54,,,33,0.21425961400680468,0.49888224020983557
68,68,(4S)-(-)-limonene,11217495,,CC(=C)[C@H]1CC[C@@]([C@@H](C1)O)(C)O,,,,1.04E+00,ppb,1.04,,,34,0.062147906748844434,0.04699656267622358
70,70,(4S)-(+)-terpinene-4-ol,11230,,CC1=C2CC(CC1C3(CC4CC(=C3C)C4(C)C)C5[C@@H](O)C6CC(=C5C)C6(C)C)C2(C)C,CC1=C2CC(CC1C3(CC4CC(=C3C)C4(C)C)C5[C@@H](O)C6CC(=C5C)C6(C)C)C2(C)C,Different name in Cactus,,1.29E+00,ppb,1.29,,,35,0.03504274890671822,0.09271498652954467
72,72,(3R)-(-)-linalool,443158,,CC(=CCC[C@](C)(C=C)O)C,,,,8.00E-04,ppb,0.0008,"floral, woody lavender ",,36,0.9661417327390326,-2.840462149996816
74,74,(4S)-(-)-\\xce\\xb1-terpineol,443162,Formerly 17100,CC1=CC[C@H](CC1)C(C)(C)O ,CC1=CC[C@H](CC1)C(C)(C)O ,PubChem Isomeric SMILES,DW,9.18E+00,ppb,9.18,,,37,0.13033376849500614,0.8928048145934874
76,76,(4S)-(-)-perillaldehyde,2724159,,CC(=C)[C@H]1CCC(=CC1)C=O,,,,3.00E-02,ppb,0.03,,,38,0.36797678529459443,-1.3767507096020997
82,82,(3R)-(+)-citronellal,75427,,C[C@H](CCC=C(C)C)CC=O,,,,3.00E-02,ppb,0.03,"powerful, fresh, herbaceous-citrusy",,41,0.0,-1.5228787452803376
84,84,(3R)-(+)-citronellol,129702262,,C[C@H](CCC=C(C)C)/C=C/O,,,,4.00E-02,ppb,0.04,"citronella oil-like; Described by Yamamoto et. al.., as slightly oily light rosy-leafy, petal like odor with irritating top note",,42,0.0,-1.3979400086720375
86,86,(+)-camphene,92221,,CC1([C@@H]2CC[C@@H](C2)C1=C)C,,,,1.86E+00,ppb,1.86,,,43,0.027152246043614776,0.2828769057758978
88,88,(+)-fenchone,1201521,,C[C@]12CC[C@H](C1)C(C2=O)(C)C,,,,2.40E-01,ppb,0.24,,,44,0.26324143477458145,-0.5078149988444617
90,90,(4R)-(+)-perillyl alcohol,11788398,,CC(=C)[C@@H]1CCC(=CC1)CO,,,,4.40E-01,ppb,0.44,,,45,0.5766554115538677,-0.15762853454369558
92,92,"(1S,3S,4R)-(+)-menthol",165675,,C[C@H]1CC[C@@H]([C@H](C1)O)C(C)C,,,,9.20E-01,ppb,0.92,,,46,0.3941470196548984,0.11760269169008426
94,94,"(2R,5S)-(+)-menthone",443159,,C[C@H]1CC[C@@H](C(=O)C1)C(C)C,,,,2.10E-01,ppb,0.21,,,47,0.22184874961635634,-0.5808706922580243
96,96,"(1R,3S,4S)-(+)-neomenthol",439263,,CC(C)[C@@H]1CC[C@@H](C)C[C@@H]1O,CC(C)[C@@H]1CC[C@@H](C)C[C@@H]1O,ChemDraw + Cactus,DW,8.10E-01,ppb,0.81,,,48,0.11270428019128832,-0.03880863060534728
98,98,(3S)-(-)-citronellyl acetate,9017,,C[C@H](CCOC(C)=O)CCC=C(C)C,C[C@H](CCOC(C)=O)CCC=C(C)C,ChemDraw + Cactus,DW,2.50E+02,ppb,250.0,resh lime citrus odor with camphoraceous note,,49,0.0,2.3979400086720375
100,100,(3S)-(-)-citronellyl ethly ether,92168245,,CCOCC[C@@H](C)CCC=C(C)C,CCOCC[C@@H](C)CCC=C(C)C,PubChem ID,DW,5.00E+02,ppb,500.0,"clean sweet rosy odor , powerful fresh topnote",,50,0.3010299956639812,2.5228787452803374
102,102,(3S)-(+)-citronellyl nitrile,3033030,,C[C@@H](CCC=C(C)C)CC#N,C[C@@H](CCC=C(C)C)CC#N,ChemDraw + Cactus,DW,7.50E+01,ppb,75.0,strong citrus odor with aldehyde note,,51,0.12493873660829993,1.9330532103693867
104,104,(3S)-(-)-dihydrocitronellal,12266719,,CC(C)CCC[C@H](C)CC=O,CC(C)CCC[C@H](C)CC=O,ChemDraw + Cactus,DW,5.00E+00,ppb,5.0,floral odor with sweet rosy note,,52,0.0,0.6989700043360189
106,106,(3S)-(-)-dihydrocitronellol,92283029,,CC(C)CCC[C@@H](C)CCO,CC(C)CCC[C@@H](C)CCO,ChemDraw + Cactus,DW,2.50E+02,ppb,250.0,floral odor like clean rose,,53,0.3979400086720376,2.154901959985743
108,108,(3S)-(-)-dihydrocitronellyl acetate,30249,,CC(C)CCC[C@H](C)CCOC(C)=O,CC(C)CCC[C@H](C)CCOC(C)=O,ChemDraw + Cactus,DW,2.50E+02,ppb,250.0,clean citrus and muguet floral,,54,0.0,2.3979400086720375
110,110,(3S)-(-)-dihydrocitronellyl ethyl ether,90843,,CCOCC[C@H](C)CCCC(C)C,CCOCC[C@H](C)CCCC(C)C,ChemDraw + Cactus,DW,1.00E+03,ppb,1000.0,"clean, rosy",,55,0.3010299956639812,2.8239087409443187
112,112,(3S)-(+)-dihydrocitronellyl nitrile,170284,,CC(C)CCC[C@H](C)CC#N,CC(C)CCC[C@H](C)CC#N,ChemDraw + Cactus,DW,5.00E+01,ppb,50.0,citrus floral with fatty and herbal topnote,,56,0.17609125905568124,1.7781512503836436
114,114,(3S)-(+)-2-methylene-citronellal,129702270,,C[C@@H](CCC=C(C)C)C(=C)C=O,C[C@@H](CCC=C(C)C)C(=C)C=O,ChemDraw + Cactus,DW,2.50E+02,ppb,250.0,clean citrus odor like bergamot,,57,0.0,2.3979400086720375
116,116,(3S)-(+)-2-methylene-citronellol,129670839,,C[C@@H](CCC=C(C)C)C(=C)CO,C[C@@H](CCC=C(C)C)C(=C)CO,ChemDraw + Cactus,DW,5.00E+02,ppb,500.0,fresh citrus peel,,58,0.3010299956639812,2.8239087409443187
118,118,"(2R,4R)-4-acetylthio-2-heptanol",78113337,,CCC[C@H](C[C@@H](C)O)SC(C)=O,CCC[C@H](C[C@@H](C)O)SC(C)=O,Cactus,DW,1.72E+01,ng/L air,0.0172,"savory, sweet (by GC-O)",,59,2.7584071921878865,-4.222605580156836
120,120,"(2S,4R)-4-acetylthio-2-heptanol",78113337,,CCC[C@H](C[C@H](C)O)SC(C)=O,CCC[C@H](C[C@H](C)O)SC(C)=O,Cactus,DW,2.00E-01,ng/L air,0.0002,"grapefruit, refreshing (by GC-O)",,60,1.3891660843645324,-3.4153141047414604
122,122,"(2R,4R)-4-acetylthio-2-heptyl acetate",8159,,CCC[C@H](C[C@@H](C)OC(C)=O)SC(C)=O,CCC[C@H](C[C@@H](C)OC(C)=O)SC(C)=O,Cactus,DW,5.50E+00,ng/L air,0.0055,"sulfury, fruity, fresh (by GC-O)",,61,1.786120180054919,-3.7517766132888735
124,124,"(2S,4R)-4-acetylthio-2-heptyl acetate",8159,,CCC[C@H](C[C@H](C)OC(C)=O)SC(C)=O,CCC[C@H](C[C@H](C)OC(C)=O)SC(C)=O,Cactus,DW,3.00E-01,ng/L air,0.0003,"sulfury, grapefruit (by GC-O)",,62,0.6368220975871743,-3.312025379965444
126,126,"(2R,4R)-4-mercapto-2-heptyl acetate",8159,,CCC[C@@H](S)C[C@@H](C)OC(C)=O,CCC[C@@H](S)C[C@@H](C)OC(C)=O,Cactus,DW,2.10E+00,ng/L air,0.0021,"sulfury, sweet (by GC-O)",,63,1.8450980400142567,-4.228009058321175
128,128,"(2R,4S)-4-mercapto-2-heptyl acetate ",8159,,CCC[C@H](S)C[C@@H](C)OC(C)=O,CCC[C@H](S)C[C@@H](C)OC(C)=O,Cactus,DW,2.00E-01,ng/L air,0.0002,"sulfury, passion fruit (by GC-O)",,64,1.4842998393467859,-3.4119507231148525
130,130,"(2R,4R)-4-mercapto-2-heptanol",78113334,,CCC[C@@H](S)C[C@@H](C)O,CCC[C@@H](S)C[C@@H](C)O,Cactus,DW,1.00E-01,ng/L air,0.0001,"sulfury, fruity, flowery (by GC-O)",,65,0.3010299956639812,-4.176091259055681
132,132,"(2S,4R)-4-mercapto-2-heptanol",78113334,,CCC[C@@H](S)C[C@H](C)O,CCC[C@@H](S)C[C@H](C)O,Cactus,DW,2.00E-01,ng/L air,0.0002,"sulfury, savory, meaty (by GC-O)",,66,0.17609125905568118,-3.619788758288394
134,134,(4R)-4-mercapto-2-decanone,101898840,,CCCCCC[C@@H](S)CC(C)=O,CCCCCC[C@@H](S)CC(C)=O,Cactus,DW,3.60E+01,ng/L air,0.036000000000000004,"more unpleasant (catty, sulfury) descriptions for the (R)-enantiomer (by GC-O)",,67,0.0,-1.4436974992327127
136,136,(4R)-4-mercapto-2-nonanone,101898840,,CCCCC[C@@H](S)CC(C)=O,CCCCC[C@@H](S)CC(C)=O,Cactus,DW,8.60E-01,ng/L air,0.00086,"more unpleasant (catty, sulfury) descriptions for the (R)-enantiomer (by GC-O)",,68,0.053684858962776416,-3.0931729753542907
138,138,(4R)-4-mercapto-2-octanone,132990188,,CCCC[C@H](CC(=O)C)S,,,,9.00E-02,ng/L air,9e-05,"more unpleasant (catty, sulfury) descriptions for the (R)-enantiomer (by GC-O)",,69,0.3521825181113625,-4.256610855875568
140,140,(4R)-4-mercapto-2-heptanone,101512728,,CCC[C@@H](S)CC(C)=O,CCC[C@@H](S)CC(C)=O,Cactus,DW,7.90E-01,ng/L air,0.00079,"more unpleasant (catty, sulfury) descriptions for the (R)-enantiomer (by GC-O)",,70,0.5552044104682352,-3.463241606006014
142,142,(4R)-4-mercapto-2-hexanone,57149131,,CC[C@@H](S)CC(C)=O,CC[C@@H](S)CC(C)=O,Cactus,DW,6.90E+01,ng/L air,0.069,"more unpleasant (catty, sulfury) descriptions for the (R)-enantiomer (by GC-O)",,71,2.0,-2.864442287381406
144,144,(4R)-4-mercapto-2-pentanone,76971681,,C[C@H](CC(=O)C)S,,,,1.20E+00,ng/L air,0.0012,"more unpleasant (catty, sulfury) descriptions for the (R)-enantiomer (by GC-O)",,72,0.08354605145007488,-2.9645976785309625
146,146,(4R)-4-acetylthio-2-decanone,12741,,CCCCCC[C@H](CC(C)=O)SC(C)=O,CCCCCC[C@H](CC(C)=O)SC(C)=O,Cactus,DW,7.60E+03,ng/L air,7.6,"more unpleasant (catty, sulfury) descriptions for the (R)-enantiomer (by GC-O)",,73,0.03826450009528262,0.899524556000395
148,148,(4R)-4-acetylthio-2-nonanone,13187,,CCCCC[C@H](CC(C)=O)SC(C)=O,CCCCC[C@H](CC(C)=O)SC(C)=O,Cactus,DW,2.00E+02,ng/L air,0.2,"more unpleasant (catty, sulfury) descriptions for the (R)-enantiomer (by GC-O)",,74,0.3979400086720376,-0.5440680443502757
150,150,(4R)-4-acetylthio-2-octanone,101898843,,CCCC[C@H](CC(C)=O)SC(C)=O,CCCC[C@H](CC(C)=O)SC(C)=O,Cactus,DW,2.40E+01,ng/L air,0.024,"more unpleasant (catty, sulfury) descriptions for the (R)-enantiomer (by GC-O)",,75,0.3756636139608854,-1.471368925830571
152,152,(4R)-4-acetylthio-2-heptanone,101898842,,CCC[C@H](CC(C)=O)SC(C)=O,CCC[C@H](CC(C)=O)SC(C)=O,Cactus,DW,2.20E+01,ng/L air,0.022,"more unpleasant (catty, sulfury) descriptions for the (R)-enantiomer (by GC-O)",,76,0.0202033860882869,-1.66779648435948
154,154,(4R)-4-acetylthio-2-hexanone,89552655,,CC[C@H](CC(C)=O)SC(C)=O,CC[C@H](CC(C)=O)SC(C)=O,Cactus,DW,1.80E+03,ng/L air,0.0018,"more unpleasant (catty, sulfury) descriptions for the (R)-enantiomer (by GC-O)",,77,2.2887955392469697,-2.4459252900038795
156,156,(4R)-4-acetylthio-2-pentanone,14383536,,C[C@H](CC(C)=O)SC(C)=O,C[C@H](CC(C)=O)SC(C)=O,Cactus,DW,2.30E+02,ng/L air,0.23,"more unpleasant (catty, sulfury) descriptions for the (R)-enantiomer (by GC-O)",,78,0.32033515085936787,-0.827328400202456
158,158,Ethyl (2S)-2-hydroxy-4-methylpentanoate,13237362,,CCOC(=O)[C@H](CC(C)C)O,,,,5.50E+01,ppb,55.0,fresh blackberry aroma. Both enantiomers have quite similar aromatic nuances.,,79,0.36000785562331905,1.8840846554066035
160,160,D- Proline,8988,,C1C[C@@H](NC1)C(=O)O,,,,1.15E+04,ppm,11500000.0,"smell of ""semen"", ""sperm"", and ""chlorine"" (panelists spontaneous comments)",,80,0.0,7.060697840353612
162,162,L- Proline,145742,,C1C[C@H](NC1)C(=O)O,,,,8.64E+03,ppm,8640000.0,"smell of ""semen"", ""sperm"", and ""chlorine"" (panelists spontaneous comments",,81,0.0,6.936513742478893
164,164,D- Cysteine,92851,,C([C@H](C(=O)O)N)S,,,,2.67E+01,ppm,26700.0,"""sulfur"" and ""rotten eggss"" (panelists spontaneous comments)",,82,0.04269589538414395,4.404638840672229
166,166,D- Methionine,84815,,CSCC[C@H](C(=O)O)N,,,,1.50E+00,ppm,150000.0,"""moldy"", ""old potatoes"" and ""rotten dairy products"" (panelists spontaneous comments)",,83,1.1005442976631505,4.343421367358819
168,168,(+)-(3S)-1-Methoxyhexane-3-thiol,121489460,,CCC[C@@H](CCOC)S  ,CCC[C@@H](CCOC)S  ,PubChem,DW,0.04 * 10^(-3),ng/L air,4e-08,In addition to the herbaceous and (clary) sage odor tonalities it has strong connotations of burnt sulfur and alliaceous notes and evokes associations with human olfactory axillary perspiration,,84,1.4353665066126613,-7.112561958550852
170,170,(-)-(2S)-Heptane-2-thiol,76961480,These next four detection thresholds do not have units so I assumed ppm and converted to ppb in normalized detection threshold,CCCCC[C@H](C)S,CCCCC[C@H](C)S,PubChem,DW,1.00E+01,,10000.0,"sulfury, onion, with some mushroom note; No differences in odor note and threshold value were observed for the enantiomeric forms",,85,0.0,4.0
172,172,"(2R,3S)-3-mercapto-2-methyl-pentane-1-ol",6430888,,CC[C@H](S)[C@H](C)CO,CC[C@H](S)[C@H](C)CO,Cactus,DW,4.00E-02,,4.0,"broth-like, sweaty, leek-like",,86,0.12493873660829995,0.5351132016973492
174,174,(3R)-(-)-3-mercaptohexyl acetate,518810,,CCC[C@@H](S)CCOC(C)=O,CCC[C@@H](S)CCOC(C)=O,Cactus,DW,1.00E-01,ng/L air,0.0001,"In dilution, posseses attractive tropical fruity notes (for the (3R)-3-mercaptohexyl acetate and (3R)-3-mercaptohexyl butanoate) - (description of Werkhoff, et. al.); Werkhoff, et. al. described the 3-mercaptohexyl acetates as grapefruit, black currant, buccu, mango, passion fruit, guava",,87,0.5228787452803376,-4.335792101923193
176,176,(3R)-3-mercaptohexan-1-ol,521348,,CCC[C@@H](S)CCO,CCC[C@@H](S)CCO,Cactus,DW,8.00E-02,ng/L air,8e-05,"In dilution, the (R)-enantiomer is distinctly weaker, showing only sulfury and herbaceous odor impressions - (description of Werkhoff, et. al.); The two enantiomers have quite different aromas; Tominaga et. al. (2006) indicates ""The R form is fruitier, with a zesty aroma reminiscent of grapefruit, while the S form smells more of passion fruit"".",,88,0.05799194697768681,-4.126873236385499
178,178,(2S)-3-mercapto-2-methylpropan-1-ol,529079,,C[C@@H](CO)CS,C[C@@H](CO)CS,Cactus,DW,35-40,ppb,35000.0,"Weaker than the (2R)-enantiomer. Although both of the enantiomers are characterized by the same broth and sweat odour, they have very different odour strength and thresholds.",,89,1.0669467896306133,3.742435698117109
180,180,Ethyl (R)-(-)-3-hydroxyhexanoate,440150,,CCC[C@H](CC(=O)OCC)O,,,,2.10E+00,ng/L air,0.0021,"sweet, woody, fruity.",,90,2.101026579202889,-2.3801787236866647
182,182,Methyl (R)-(-)-3-hydroxyhexanoate,13617479,,CCC[C@H](CC(=O)OC)O,,,,2.10E+00,ng/L air,0.0021,"sweet, woody, fruity",,91,3.3192548157701802,-2.376958883083219
184,184,"Methyl (2S,3R)-2-hydroxy-3-methylpentanoate",95224206,,CC[C@@H](C)[C@@H](C(=O)OC)O,CC[C@@H](C)[C@@H](C(=O)OC)O,PubChem 13262415,DW,1.10E+02,ng/L air,0.11,Odor quality perceived at the sniffing port during GC-O = fruity,,92,1.0,-1.698970004336019
186,186,"Methyl (2R,3R)-2-hydroxy-3-methylpentanoate",49789056,,CC[C@@H](C)[C@H](C(=O)OC)O,CC[C@@H](C)[C@H](C(=O)OC)O,PubChem 13262413,DW,>200,ng/L air,0.201,Odor quality perceived at the sniffing port during GC-O = Not available,,93,1.3031960574204888,-1.7200564022132225
188,188,(-)-(S)-Undecavertol (ee = 75%),40565487,,CCCCC[C@@H](/C(=C/CC)/C)O,,,,4.70E+00,ng/L air,0.0047,"Weaker enantiomer, fruity-green, pinefir balsam note with aspects of tea, not so typical of Undecavertol.",,94,1.1807361641014449,-3.2353481784332745
190,190,(2S)-(+)-2-Butanol,131753087,,CC[C@H](C)O,CC[C@H](C)O,Cactus,DW,5.91E+01,ug/Liter,0.0591,"oily, wine-like (vinous)",,95,0.1504111991062202,-1.3100974079166388
192,192,(R)-(-)-alpha-phellandrene,442482,Formerly ID 443160,CC1=CC[C@@H](C=C1)C(C)C,CC1=CC[C@@H](C=C1)C(C)C,PubChem,DW,5.00E+02,ppb,500000.0,"terpene-like, medicinal",,96,0.3979400086720376,5.455931955649724
194,194,"(1R,3S,4R)-(+)-isomenthol",91747890,,CCCC[C@@H]([C@@H](CC)O)C(C)C,,,,7.00E+02,ppb,700000.0,"musty, woody, fresh-carrot-minty, earthy-camphoraceous, slight cooling",,97,0.06694678963061322,5.810335933755045
198,198,"(4R,2R)-(-)-trans-rose oxide",7093102,,C[C@@H]1CCO[C@H](C1)C=C(C)C,,,,1.60E+02,ppb,160000.0,"floral green, green herbal (minty) fruity",,99,0.3010299956639812,5.028028723600244
202,202,"(2S,4R)-(-)-trans-dihydrorose oxide",114530,,CC(C)C[C@H]1C[C@H](C)CCO1,CC(C)C[C@H]1C[C@H](C)CCO1,ChemDraw + Cactus,DW,1.50E+02,ppb,150000.0,"herbal floral (fruity, minty, dusty floral green)",,101,0.028028723600243534,5.1898795435413145
206,206,"(2R,2\\\'S,5\\\'S)-Lilac aldehyde",5462398,,C[C@@H](C=O)[C@@H]1CC[C@@](O1)(C)C=C,,,,2.00E+01,ng,0.02,flowery,,103,1.8239087409443189,-3.2283147918655883
210,210,"(2R,2\\\'R,5\\\'S)-Lilac aldehyde",71587170,,C[C@@H](C=O)[C@H]1CC[C@@](O1)(C)C=C,,,,4.00E-01,ng,0.0004,"sweet, flowery",,105,1.0,-3.1383026981662816
212,212,"(2R,2\\\'S,5\\\'S)-Lilac alcohol",526973,,C[C@H](CO)[C@]1(C)CC[C@](C)(O1)C=C,C[C@H](CO)[C@]1(C)CC[C@](C)(O1)C=C,Extended Leffingwell Name + Cactus,DW,4.00E+00,ng,0.004,"green, grassy, fresh",,106,1.3010299956639813,-2.1180993120779945
216,216,"(2R,2\\\'R,5\\\'S)-Lilac alcohol",526973,,C[C@H](CO)[C@@]1(C)CC[C@](C)(O1)C=C,C[C@H](CO)[C@@]1(C)CC[C@](C)(O1)C=C,Extended Leffingwell Name + Cactus,DW,4.00E+00,ng,0.004,"flowery, sweet, body",,108,1.267171728403014,-2.119772895967561
218,218,"(2S,2\\\'R,5\\\'S)-Lilac alcohol",526973,,C[C@@H](CO)[C@@]1(C)CC[C@](C)(O1)C=C,C[C@@H](CO)[C@@]1(C)CC[C@](C)(O1)C=C,Extended Leffingwell Name + Cactus,DW,2.00E+00,ng,0.002,"sweet, flowery",,109,1.0413926851582251,-2.4357285695614372
224,224,"(2S,2\\\'S,1\\\'\\\'R)-Nectaryl",175661,,C[C@@H](C[C@@H]1CCCC1=O)[C@@H]2CCC(=CC2)C,C[C@@H](C[C@@H]1CCCC1=O)[C@@H]2CCC(=CC2)C,Extended Leffingwell Name + Cactus,DW,1.49E+01,ng/L air,0.0149,"Rather weak and uncharacteristic fruity-lactonic odour with some additional resemblance of green apple, it does not contribute much to the commercial Nectaryl.",,112,2.1239682457420925,-3.653004268994608
226,226,(R)-(+)-4-propylbutan-4-olide,7742,http://www.thegoodscentscompany.com/data/rw1017151.html,CCC[C@@H]1CCC(=O)O1,CCC[C@@H]1CCC(=O)O1,Cactus,DW,7.00E+02,ppb in water,700.0,"sweet, spicy, herbaceous, hay note, coumarin-like",,113,0.10429196663065593,2.894120918002699
228,228,(R)-(+)-4-butylbutan-4-olide,7704,http://www.thegoodscentscompany.com/data/rw1555271.html,CCCC[C@@H]1CCC(=O)O1,CCCC[C@@H]1CCC(=O)O1,Cactus,DW,3.00E+02,ppb in water,300.0,"spicy-green, coconut note, with almond notes (Mosandl & Gunther, Evaluated as a 1% solution on blotter strips)",,114,0.36317790241282566,2.2586261471108937
230,230,(R)-(+)-4-pentylbutan-4-olide,11094875,http://www.thegoodscentscompany.com/data/rw1555291.html,CCCCC[C@@H]1CCC(=O)O1,,cross checked on cactus,LC,2.20E+02,ppb in water,220.0,"strong, sweet, soft coconut with fatty-milky aspects (Mosandl & Gunther, Evaluated as a 1% solution on blotter strips)",,115,0.16633142176652502,2.251342211474874
232,232,(R)-(+)-4-hexlbutan-4-olide,183870,http://www.thegoodscentscompany.com/data/rw1555311.html,CCCCCC[C@@H]1CCC(=O)O1,,cross checked on cactus,LC,3.40E+01,ppb in red wine,34.0,"strong, fatty-sweet fruity note, some reminiscence to coconut, caramel (Mosandl & Gunther, Evaluated as a 1% solution on blotter strips); Bourdineaud et. al. describe this as: Fatty, animalic top note. Upon evaporation clearly different from the racemate with regard to the acidic and animalic base notes; In particular suitable for flavours.",,116,0.14061894089346233,1.596121751763304
234,234,(R)-(+)-4-heptylbutan-4-olide,10154345,http://www.thegoodscentscompany.com/data/rw1555331.html,CCCCCCC[C@@H]1CCC(=O)O1,,cross checked on cactus,LC,4.00E+00,ppb in water,4.0,"strong, fatty-sweet, reminiscent of peach, with some bloomy aspects (Mosandl & Gunther); strong, sweet, coconut (Yamamoto)",,117,0.47712125471966244,0.7781512503836436
236,236,(R)-(+)-4-octylbutan-4-olide,10888889,http://www.thegoodscentscompany.com/data/rw1555351.html,CCCCCCCC[C@@H]1CCC(=O)O1,,cross checked on cactus,LC,8.00E+00,ppb in red wine,8.0,"strong, fruity-sweet, bloomy note with aldehyde and woody aspects (Mosandl & Gunther, Evaluated as a 1% solution on blotter strips)",,118,0.6879746200345557,1.1230867317467066
238,238,"(3R,4S)-(-)-4-butyl-3-methylbutan-4-olide",102395001,http://www.leffingwell.com/chirality/whiskeylactone.htm,CCCCC[C@@H]1OC(=O)C[C@@H]1C,CCCCC[C@@H]1OC(=O)C[C@@H]1C,chem draw + cactus,LC,305-330,ppb in white wine,305.0,"strong coconut note, reminiscent of celery",,119,0.3381718036685478,2.2830978597080733
240,240,"(3R,4R)-(+)-4-butyl-3-methylbutan-4-olide",102395001,"""""",CCCCC[C@H]1OC(=O)C[C@H]1C,CCCCC[C@H]1OC(=O)C[C@H]1C,chem draw + cactus,LC,1.32E+02,ppb in white wine,132.0,"sweet woody, bright fresh coconut note",,120,0.8195439355418687,1.5407903345890397
242,242,(R)-(+)-5-hexylpentan-5-olide,61204,http://www.perflavory.com/docs/doc1555491.html,CCCCCCC1CCCC(=O)O1,,cross checkec on cactus,LC,1.00E+02,ppb,100.0,"Fruity, sweet, creamy",,121,0.5228787452803376,1.664207898076807
244,244,"(4S,5S)-(+)-cis-4-methyl-5-decanolide or (4S,5S)-(-)-cis-Aerangis lactone",11094871,http://www.thegoodscentscompany.com/data/rw1552341.html,CCCCC[C@@H]1OC(=O)CC[C@@H]1C,CCCCC[C@@H]1OC(=O)CC[C@@H]1C,chem draw + cactus,LC,1.30E-01,ng,0.00013000000000000002,"reminiscent of certain aspects of the smell of the flower of the tuberose (Polianthes tuberosa) and gardenia varieties and on the other hand is reminiscent of caramel, condensed milk and coconut, especially coconut milk",,122,2.3631779024128257,-3.5869045289828767
246,246,"(4S,5R)-trans-4-methyl-5-decanolide or (4S,5R)-trans-aerangis lactone",12839888,copy and pasted the whole thing into google,CCCCC[C@H]1OC(=O)CC[C@@H]1C,CCCCC[C@H]1OC(=O)CC[C@@H]1C,chem draw + cactus,LC,5.00E+01,ng,0.05,"reminiscent of delta-decalactone and cocos, with similar intensity to the cis-(4R,5R)-enantiomer and higher than the trans-(4R,5S)-enantiomer",,123,0.3010299956639812,-1.1760912590556813
248,248,(3R)-Butylphthalide,61361,,CCCCC1C2=CC=CC=C2C(=O)O1,,cross checked on pubchem - direct google result,LC,3.70E-01,ppm,370.0,"Celery stem odor, heavy, somewhat spicy. Less intense in fresh celery odor than (S)-enantiomer.",,124,0.7231036840527382,2.0708770832590457
250,250,"(3S,3aR,7aR)-3-Butylhexahydrophthalide",12367055,,CCCC[C@@H]1OC(=O)[C@@H]2CCCC[C@H]12,CCCC[C@@H]1OC(=O)[C@@H]2CCCC[C@H]12,chem draw + cactus,LC,2.50E+01,ng,0.025,"reminiscent of dry celery leaves by GC-O; also described as \\xe2\\x80\\x9ccelery, fruity""",,125,0.3010299956639812,-1.7781512503836436
252,252,"(+)-(3R,3aR)-Sedanolide - 99.1% ee ",12315452,,CCCC[C@@H]1[C@@H]2CCCC=C2C(=O)O1,,cross checked on pubchem - direct google result,LC,1.60E+00,ppm,160000.0,"Natural celery stem odor, herbal, and bitter.",,126,0.07463361829690418,5.2398355349224595
254,254,(-)-(S)-Sedanenolide,3085257,,CCCC[C@H]1C2=C(C=CCC2)C(=O)O1,,,,1.40E-01,ppm,140.0,"Celery stem odor, strong, fresh, with aspects reminiscent of celery fibers.",,127,0.6320232147054056,2.3560775619948866
256,256,"(+)-(3S,3aS,6S,7aS)-Perhydro-3,6-dimethyl-2-benzo[b]furanone",22857118,http://www.leffingwell.com/chirality/menthanelactone2.htm,C[C@H]1CC[C@H]2[C@H](C)C(=O)O[C@H]2C1,C[C@H]1CC[C@H]2[C@H](C)C(=O)O[C@H]2C1,chem draw + cactus ,LC,5.00E-01,ng/L air,0.0005,coconut like by GC-O (Katja Buhr),,128,0.5228787452803376,-3.6368220975871743
258,258,"(3S,3aR,7aR)-Wine lactone",6427076,CAS No. 78168-35-1 from http://www.molbase.com/moldata/22251685.html#,"C[C@H]1[C@H]2CCC(=C[C@@H]2OC1=O)C\n","C[C@H]1[C@H]2CCC(=C[C@@H]2OC1=O)C\n",chem draw + cactus ,LC,0.05-0.2,ng/L air,5e-05,cocount like,,129,2.2041199826559246,-4.002705893375925
260,260,"(3S,3aS,7aS)-Wine lactone",6427076,"""""","C[C@H]1[C@@H]2CCC(=C[C@@H]2OC1=O)C","C[C@H]1[C@@H]2CCC(=C[C@@H]2OC1=O)C",chem draw + cactus,LC,0.007-0.014,ng/L air,7.000000000000002e-06,coconut like,,130,3.3010299956639813,-4.854089057293992
262,262,"(-)-(S)-4,8-dimethylnon-7-en-4-olide",9942315,,CC(C)=CCC[C@@]1(C)CCC(=O)O1,CC(C)=CCC[C@@]1(C)CCC(=O)O1,cactus,LC,6.50E-01,ppb (in water),0.65,fresh fruity lactone odour with peach and/or pear-like nuances It also has green and floral notes,,131,0.6087933739869308,-0.5904216839158881
264,264,(R)-cis-6-gamma-dodecenolactone,5352428,http://bioinformatics.charite.de/mvoc/index.php?site=ergebnis&species=Dinoroseobacter%20sp.,CCCCC/C=C/C[C@H]1CCC(=O)O1\r,CCCCC/C=C/C[C@H]1CCC(=O)O1\r,chem draw + cactus,LC,1.22E+01,pg(in air),0.0122,"flowery, fruity, coconut-, peach- and apricot-like. The odor of the (R)-enanantiomer was described as being significantly weaker than the (S)-enantiomer, although no sensory differences in odor quality were noted",,132,0.4236019989931742,-2.1751616237055593
266,266,(+)-(S)-Sotolone,5325921,CAS No. 87068-69-7 from http://www.molbase.com/moldata/3566993.html,C[C@@H]1OC(=O)C(=C1C)O,C[C@@H]1OC(=O)C(=C1C)O,chem draw + cactus,LC,8.00E-01,ppb,0.8,"curry, walnut (strongly caramelic)",,133,0.04630001965296922,-0.07437671531283598
268,268,(4S)-(+)-Dihydrobovolide,11788657,http://www.leffingwell.com/chirality/dihydrobovolide.htm,CCCCCC1OC(=O)C(=C1C)C,CCCCCC1OC(=O)C(=C1C)C,chem draw + cactus,LC,3.70E+00,ppm,3700.0,"deep green tea notes (a metallic, spicy, green tea note)",,134,0.3640817414110702,3.349075832786112
270,270,"(2R,4S)-(-)-cis-2-methyl-4-propyl.-1,2-oxathiane",101010,copy and pasted the entire name into google,CCC[C@H]1CCO[C@H](S1)C,CCC[C@H]1CCO[C@H](S1)C,from pubchem - direct from google search,LC,4.00E+00,,4000.0,"sulfurous, herbaceous-green, roasty, linseed oil-like, onion; described by Ohloff as fresh, floral, less sulfury than the 2S,4R-isomer",,135,0.3010299956639812,3.425968732272281
272,272,"(1R,2R)-(-)-Methyl dihydrojasmonate",1738124,For this group of molecule with no units for detection threshold I assumed ppm,CCCCC[C@@H]1[C@H](CCC1=O)CC(=O)OC,,cross checked with chem draw + cactus,LC,2.40E+02,,240000.0,"Floral, sweet, jasminelike",,136,1.8073094791248572,5.6745252094882215
274,274,"(1R,2S)-(+)-Methyl epidihydrojasmonate",102861,Copy and Pasted the name into Google,"CCCCC[C@@H]1[C@@H](CCC1=O)CC(=O)OC","CCCCC[C@@H]1[C@@H](CCC1=O)CC(=O)OC",chem draw + cactus,LC,1.50E+01,,15000.0,"Intensely floral, jasminelike, bright, cis-jasmone, slightly fatty, woody, \\xc3\\x9f-ionone like, extremely long lasting",,137,2.9208187539523753,4.476600413783477
276,276,"(-)-(1R,2S,2\\\'S,4R)-2\\\'-isopropyl-1,7,7-trimethylspiro[bicyclo[2.2.1]heptane-2,4\\\'-[1,3]dioxane]",73555446,CAS No. 188199-50-0 from http://www.thegoodscentscompany.com/data/rw1697031.html; http://www.thegoodscentscompany.com/opl/188199-50-0.html,CC(C)[C@@H]1OCC[C@@]2(O1)C[C@H]3CCC2(C3(C)C)C,,,,2.00E-01,ng/L air,0.0002,"Amber, woody, cedarwood, animal, strong",,138,2.6434526764861874,-3.3989259216536887
278,278,"(+)-(1R,2S,2\\\'R,4R)-2\\\'-isopropyl-1,7,7-trimethylspiro[bicyclo[2.2.1]heptane-2,4\\\'-[1,3]dioxane]",44147112,CAS No. 385766-33-6 from https://iaspub.epa.gov/sor_internet/registry/substreg/searchandretrieve/advancedsearch/externalSearch.do?p_type=CASNO&p_value=385766-33-6,CC(C)[C@H]1OCC[C@@]2(O1)C[C@H]3CCC2(C3(C)C)C,,,,4.00E+01,ng/L air,0.04,"Woody, cedarwood, rosy, spicy, weak",,139,0.0,-1.3979400086720375
280,280,"(2R,4S)-cis-2-Methyl-4-phenyl-[1,3]dioxolane",9877472,http://www.leffingwell.com/chirality/2-methyl-4-phenyl-1_3-dioxolanes.htm,"C[C@@H]1OC[C@@H](O1)c2ccccc2","C[C@@H]1OC[C@@H](O1)c2ccccc2",chem draw + cactus,LC,1.25E+02,ug/Liter,125.0,"Strong, clear, indole, rose-jasmine, the strongest- and best-smelling enantiomer",,140,0.4874212113594744,2.2755534507028097
282,282,"(2S,4S)-trans-2-Methyl-4-phenyl-[1,3]dioxolane",10374766,http://www.leffingwell.com/chirality/2-methyl-4-phenyl-1_3-dioxolanes.htm,"C[C@H]1OC[C@@H](O1)c2ccccc2","C[C@H]1OC[C@@H](O1)c2ccccc2",chem draw + cactus,LC,3.84E+02,ug/Liter,384.0,"Floral, woody, diphenyl ether, rose, animal, chocolate note",,141,0.18578407041957085,2.667363674550262
284,284,(+)-(S)-Florhydral\\xc2\\xae,86209,http://www.leffingwell.com/chirality/florhydral.htm,CC(C)c1cccc(c1)[C@@H](C)CC=O\r,CC(C)c1cccc(c1)[C@@H](C)CC=O\r,chem draw + cactus,LC,3.50E-02,ng/L air,0.035,"In comparison with the racemate, the (+)-enantiomer has a more green, less watery, and more powerful fragrance",,142,0.400414627799893,-1.3003243992749725
286,286,"(-)-(4S,4aS,8aR)-Geosmin",29746,,"C[C@H]1CCC[C@@]2(C)CCCC[C@]12O","C[C@H]1CCC[C@@]2(C)CCCC[C@]12O",chem draw + cactus,LC,0.0082-0.018,ppb,0.0082,earthy-musty. The (-) enantiomer is much more odoriferous than the (+) form. The (-)-enantiomer is the one found in nature,,143,0.905730083158152,-1.8360161216894604
288,288,(2S)-(+)-2-hexylcyclopentanone,114454,I assumed ppm for these molecules units of detection threshold; http://www.leffingwell.com/chirality/hexylcyclopentanone.htm ,"CCCCCC[C@H]1CCCC1=O","CCCCCC[C@H]1CCCC1=O",chem draw + cactus,LC,7.00E+01,,70000.0,Powerful diffusive warm jasmine-like floral odor with coconut-like fruity and slightly herbaceous note,,144,0.0,4.845098040014257
290,290,(2S)-(+)-2-heptylcyclopentanone,8710,http://www.leffingwell.com/chirality/heptylcyclopentanone.htm,CCCCCCC[C@@]1(C)CCCC1=O\r,CCCCCCC[C@@]1(C)CCCC1=O\r,chem draw + cactus,LC,1.00E+01,,10000.0,"Heavy, coconut-like oily fruity and jasmine-like floral odor with somewhat herbaceous side note",,145,0.0,4.0
292,292,(-)-(R)-2-methoxy-3-[1-methylpropyl]pyrazine,520098,,CC[C@@H](C)c1nccnc1OC,CC[C@@H](C)c1nccnc1OC,chem draw + cactus,LC,1.00E-01,,100.0,"a burdocklike, green and earthy odor; Qualitatively, there is no significant difference between the organoleptic properties of the (S)-(+)-, (R)-(-) enantiomers or the racemate but the (-)-(R)-2-methoxy-3-[1-methylpropyl]pyrazine appears to have a somewhat more burdock like aroma than its antipode",,146,0.0,2.0
294,294,"(+)-(4R,7S)-7-Methyl-4-isopropyl-4,5,6,7-tetrahydro-1,3-benzothiazole",57907421,Copy and pasted the enitre name into google; http://www.leffingwell.com/chirality/methylisopropyltetrahydrobenzothiazole.htm,"CC(C)C1CC[C@H](C)c2scnc12","CC(C)C1CC[C@H](C)c2scnc12",chem draw + cactus,LC,1.80E-01,ppb,0.118,Bell pepper odor,,147,2.2705406735160807,-0.6294111699328747
296,296,"(+)-methyl (1R)-1,4-dimethylcyclohex-3-ene-1-carboxylate",92279511,,COC(=O)[C@]1(C)CCC(=CC1)C\r,COC(=O)[C@]1(C)CCC(=CC1)C\r,chem draw + cactus,LC,5.85E+00,ppb,5.85,"very fresh, fruity-mint-anisic with a light pear note",,148,0.5360401913383085,0.9572445569821739
298,298,"(+)-(2S,4S)-Florol\\xc2\\xae",12104424,,CC(C)C[C@H]1C[C@@](CCO1)(C)O,,,,2.60E+01,ng/L air,0.026,"Second most intense Florol stereoisomer, but already much weaker. Similar fresh-floral note as the enantiomer, but less sweet and also more linalool-type, more herbaceous, and more earthy in tonality",,149,1.332187977654368,-2.6359398278285084
300,300,(+)-(2R)-Tropional\\xc2\\xae,64805,,CC(CC1=CC2=C(C=C1)OCO2)C=O,,,,3.43E+00,ng/L air,0.00343,"floral (Lily of the valley and cyclamen), aldehydic, sweet fruity (lemon)",,150,0.2708858539411167,-2.3500494281414968
302,302,"(-)-(1R,2S)-Georgywood\\xc2\\xae = ""Georgyone""",11322274,,C[C@@H]1C2=C(CCCC2(C)C)CC[C@]1(C)C(=O)C,,,,2.00E+01,ng/L,0.02,"Woody-ambery; Bottom note: Fresh, minty, green, sweet (Frater, et. al.); Hong & Corey describe the odor as ""an intense clean woody odor""",,151,0.7569619513137056,-2.224939826593498
304,304,"(+)-(1R,2R)-2-tert-butylcyclohexyl acetate",76972365,,CC(=O)O[C@@H]1CCCC[C@@H]1C(C)(C)C\r,CC(=O)O[C@@H]1CCCC[C@@H]1C(C)(C)C\r,chem draw + cactus,LC,8.00E+01,mg/L air,80000.0,reminiscent of a peach and a plum - it had a distinctly characteristic sweet fruity aroma,,152,0.3010299956639812,5.028028723600244
306,306,"(-)-(1R,2R)-2-tert-butylcyclohexanol",26068,http://www.leffingwell.com/chirality/2-tert-butylcyclohexanol.htm,CC(C)(C)[C@H]1CCCC[C@H]1O\r,CC(C)(C)[C@H]1CCCC[C@H]1O\r,chem draw + cactus,LC,4.00E+01,mg/L air,40000.0,strong fresh green aroma with Woody camphor notes,,153,0.3010299956639812,4.726998727936262
308,308,"(+)-(2S,3R)-Magnolione\\xc2\\xae",12162210,,CCCCC[C@H]1[C@H](CCC1=O)CC(=O)C,,,,2.90E-01,ng/L,0.00029,"floral, jasmine, fruity, fresh most intense",,154,1.3888603508201192,-3.253958096112813
310,310,"(2S,3S)-Magnolione\\xc2\\xae",71404439,,CCCCC[C@H]1[C@@H](CCC1=O)CC(=O)C,,,,6.00E-01,ng/L,0.0006,"mushrooms, food like, metallic, floral, jasmine weak",,155,0.09108046934733258,-3.178691832586207
312,312,"(+)-(4S,4aS,8aS)-dehydrogeosmin",11084487,,C[C@H]1CCC[C@@]2(C)CC=CC[C@]12O\n,C[C@H]1CCC[C@@]2(C)CC=CC[C@]12O\n,chem draw + cactus,LC,1.40E+02,pg/L air,0.14,"strong, camphoraceous, earthy-musty tonality which is reminiscent of freshly ploughed soil - the natural (+) stereoisomer exhibiting a fresher and stronger camphoraceous tonality than the (-) isomer",,156,1.146128035678238,-1.728933227713462
314,314,(+)-2-{[(1S)-1-methylpropyl]oxy}pyrazine,520098,CAS No.24168-70-5 from https://www.sigmaaldrich.com/catalog/product/aldrich/w343307?lang=en&region=US; http://www.leffingwell.com/chirality/methylpropyloxypyrazine.htm,"CC[C@H](C)Oc1cnccn1","CC[C@H](C)Oc1cnccn1",chem draw + cactus,LC,1.00E+02,,100000.0,"Green, dusty. Qualitatively, there appears to be no significant difference between the organoleptic properties of the enantiomers or racemate",,157,0.0,5.0
316,316,(+)-2-{[(1S)-1-methylbutyl]oxy}pyrazine,519564,Searched on google and got this: https://pubchem.ncbi.nlm.nih.gov/compound/Pyrazine_-2_5-dimethyl-3-_3-methylbutyl but unsure it could also be https://pubchem.ncbi.nlm.nih.gov/compound/2_5-Dimethyl-3-_2-methylbutyl_pyrazine ?,CCC[C@H](C)Oc1cnccn1\r,CCC[C@H](C)Oc1cnccn1\r,chem draw + cactus,LC,1.00E+02,,100000.0,"Fatty, metallic, green. Qualitatively, there appears to be no significant difference between the organoleptic properties of the enantiomers or racemate",,158,0.0,5.0
318,318,(+)-2-{[(1S)-1-methylhexyl]oxy}pyrazine,124775,Searched on google and this: https://pubchem.ncbi.nlm.nih.gov/compound/2-_5-methylhexoxycarbonyl_benzoic-acid,CCCCC[C@H](C)Oc1cnccn1\r,CCCCC[C@H](C)Oc1cnccn1\r,chem draw + cactus,LC,7.00E+01,,70000.0,"Green, metallic, fatty, burdock. Qualitatively, there appears to be no significant difference between the organoleptic properties of the enantiomers or racemate",,159,0.4559319556497244,5.015794267183232
320,320,(+)-2-{[(1S)-1-methylheptyl]oxy}pyrazine,122379392,,"CCCCCC[C@H](C)Oc1cnccn1\r","CCCCCC[C@H](C)Oc1cnccn1\r",chem draw + cactus,LC,3.00E+01,,30000.0,"Green, fishy, amine-like, fatty. Qualitatively, there appears to be no significant difference between the organoleptic properties of the enantiomers or racemate",,160,0.47712125471966244,4.653212513775344
322,322,"(+)-2-(1S,2R,5S)-menthyloxypyrazine",165675,CAS No. 15356-60-2  https://www.sigmaaldrich.com/catalog/product/aldrich/224464?lang=en&region=US;http://www.leffingwell.com/chirality/menthyloxypyrazine.htm,C[C@H]1CC[C@H](C(C)C)[C@H](C1)Oc2cnccn2\r,C[C@H]1CC[C@H](C(C)C)[C@H](C1)Oc2cnccn2\r,chem draw + cactus,LC,1.00E+01,,10000.0,"Fruity, sweet. Qualitatively, there appears to be no significant difference between the organoleptic properties of the enantiomers or racemate",,161,0.6989700043360187,3.5228787452803374
324,324,(R)-(-)-Citralis Nitrile,103875,http://www.thegoodscentscompany.com/data/rw1112911.html,"C[C@H](CCc1ccccc1)CC#N","C[C@H](CCc1ccccc1)CC#N",chem draw + cactus,LC,6.80E+00,ng/L,0.0068,"is \\xe2\\x80\\x98similar in smell, but slightly stronger, and with additional waxy aspects, and a more pronounced green, leafy side\\xe2\\x80\\x99 (compared to its enantiomer)",,162,0.2644011003018201,-2.0551083876294998
326,326,(R)-(+)-Citralis,108313,http://www.thegoodscentscompany.com/data/rw1000491.html,C[C@H](CCc1ccccc1)CC=O,C[C@H](CCc1ccccc1)CC=O,Extended Leffingwell Name + Cactus,DW,2.50E+00,ng/L air,0.0025,"is \\xe2\\x80\\x98very close to racemic Citralis, and stronger than its antipode; aldehydic, fresh, floral, citronellal-like odour, reminiscent of verbena and lemongrass; a somewhat slightly latex and plastic connotation is present as well\\xe2\\x80\\x99",,163,0.49968708261840383,-2.42043624367232
328,328,(R)-(+)-Phenoxanol,108312,http://www.thegoodscentscompany.com/data/rw1047241.html,C[C@@H](CCO)CCc1ccccc1\r,C[C@@H](CCO)CCc1ccccc1\r,chem draw + cactus,LC,1.25E+01,ng/L air,0.0125,"is \\\'reminiscent of racemic Phenoxanol, but weaker. Its rose character is harsher, fattier and more metallic compared to the racemate and its antipod\\\'",,164,0.39794000867203766,-2.146128035678238
330,330,"(-)-(9R,10S)-10-Acetyl-9,10-dimethylbicyclo[6.4.0]dodec-1(8)-ene",0,,C[C@@H]1C2=C(CCCCCC2)CC[C@]1(C)C(C)=O,C[C@@H]1C2=C(CCCCCC2)CC[C@]1(C)C(C)=O,chem draw + cactus,LC,1.90E-01,ng/L air,0.00019,"it emanates a strong woody-ambery odor reminiscent of Iso E Super, Georgywood and cedarwood, and has an odor threshold of 0.19 ng/L air which is about 100 times stronger than its enantiomer",,165,2.0222763947111524,-3.4243227266628478
332,332,"(+)-(2S,4S)-Okoumal",3034278,http://www.thegoodscentscompany.com/data/rw1131071.html,"C[C@H]1CO[C@@](C)(O1)c2ccc3c(c2)C(C)(C)CCC3(C)C","C[C@H]1CO[C@@](C)(O1)c2ccc3c(c2)C(C)(C)CCC3(C)C",chem draw + cactus,LC,2.00E+00,ng/L air (+/-0.72),0.002,"weak, ambery with woody facets, somewhat okoumal-like",,166,0.6989700043360187,-3.1760912590556813
334,334,"(-)-(2S,4R)-Okoumal",3034278,"""""",C[C@@H]1CO[C@@](C)(O1)c2ccc3c(c2)C(C)(C)CCC3(C)C,C[C@@H]1CO[C@@](C)(O1)c2ccc3c(c2)C(C)(C)CCC3(C)C,chem draw + cactus,LC,1.25E+01,ng/L air(+/-0.0),0.0125,"very weak, ambery odor with woody facets, which during dry-down decreases rapidly in intensity",,167,1.3645162531850878,-2.9849438229008953
336,336,"(+)-(2S,4S)-Disila-okoumal",3034278,http://www.thegoodscentscompany.com/data/rw1131072.html,C[C@H]1CO[C@@](C)(O1)c2ccc3c(c2)[Si](C)(C)CC[Si]3(C)C\r,C[C@H]1CO[C@@](C)(O1)c2ccc3c(c2)[Si](C)(C)CC[Si]3(C)C\r,chem draw + cactus,LC,6.30E+00,ng/L air(+/-10.5),0.0063,"very weak to odorless on the blotter, only faintly ambery-woody",,168,1.307978855619309,-3.2284692205338046
338,338,"(-)-(2S,4R)-Disila-okoumal",3034278,"""""",C[C@@H]1CO[C@@](C)(O1)c2ccc3c(c2)[Si](C)(C)CC[Si]3(C)C\n,C[C@@H]1CO[C@@](C)(O1)c2ccc3c(c2)[Si](C)(C)CC[Si]3(C)C\n,chem draw + cactus ,LC,6.80E+00,ng/L air(+/-4.3),0.0068,"very weak to odorless on the blotter, only slightly ambery-woody, with some faint reminiscence to okoumal",,169,1.3411472188719635,-3.226968998525276
340,340,(R)-(+)-Nicotine,157672,,CN1CCC[C@@H]1C2=CN=CC=C2,,cross checked on pubchem,LC,6.60E+01,ppm,66000.0,"statistical evaluation (t-test) revealed that the subjects were able to identify R(+)- and S(-)-nicotine at olfactory and trigeminal concentrations...At concentrations near the detection thresholds, i.e., clearly below subjective pain thresholds, smokers rated both nicotine stereoisomers to be significantly more pleasant than did nonsmokers... the S(-) isomer was perceived as pleasant by smokers, but not by non-smokers",,170,0.0,4.819543935541868
342,342,(R)-Celery Ketone,3782139,,CCC[C@@H]1CC(=CC(=O)C1)C\r,CCC[C@@H]1CC(=CC(=O)C1)C\r,chem draw + cactus ,LC,9.1-1,ng/L air,0.0091,"Celery leaves, arnica, jasmone, slightly reminiscent of everlastings and fenugreek",,171,0.6989700043360189,-1.81910985806255
344,344,"(2S,4S)-2,4-Dimethyl-2-(1,1,3,3-tetramethyl-2-oxa-1,3-disilaindan-5-yl)-1,3-dioxolane",3034278,"Copy and pasted the whole name into Google, first pubchem id; CAS No. 1240699-64-2 from http://www.molbase.com/moldata/15835001.html",C[C@H]1CO[C@@](C)(O1)c2ccc3c(c2)[Si](C)(C)O[Si]3(C)C\r,C[C@H]1CO[C@@](C)(O1)c2ccc3c(c2)[Si](C)(C)O[Si]3(C)C\r,chem draw + cactus ,LC,1.80E+00,ngL-1 air(+/- 0.88 s.d.),0.0018,"a woody\\xe2\\x80\\x93ambery odor in the okoumal family with some additional facets reminiscent of karanal; linear in the drydown, slightly sweet\\xe2\\x80\\x93musky in the endnote",,172,1.0871501757189002,-2.4778517754670184
346,346,"(2S,4R)-2,4-Dimethyl-2-(1,1,3,3-tetramethyl-2-oxa-1,3-disilaindan-5-yl)-1,3-dioxolane",3034278,"""""; CAS No. 1240699-62-0 from http://www.molbase.com/moldata/15834997.html",C[C@@H]1CO[C@@](C)(O1)c2ccc3c(c2)[Si](C)(C)O[Si]3(C)C\r,C[C@@H]1CO[C@@](C)(O1)c2ccc3c(c2)[Si](C)(C)O[Si]3(C)C\r,chem draw + cactus,LC,1.70E+01,ngL-1 air(+/- 20 s.d.),0.017,very weak woody\\xe2\\x80\\x93ambery odor with some resemblance to okoumal,,173,0.7680509234793179,-2.3049761614684954
348,348,"(2S,4S)-2,4-Dimethyl-2-(1,1,3,3-tetramethylindan-5-yl)-1,3-dioxolane",221640,https://pubchem.ncbi.nlm.nih.gov/compound/221640 CAS. No 1240699-53-9 from http://www.molbase.com/moldata/15835025.html,C[C@H]1CO[C@@](C)(O1)c2ccc3c(c2)C(C)(C)CC3(C)C\r,C[C@H]1CO[C@@](C)(O1)c2ccc3c(c2)C(C)(C)CC3(C)C\r,chem draw + cactus,LC,2.00E+01,ngL-1 air(+/- 7.2 s.d.),0.02,rather weak woody\\xe2\\x80\\x93ambery odor of powdery tonality with some additional mineral character reminiscent of wet stones,,174,0.9030899869919435,-2.3521825181113627
350,350,"(2S,4R)-2,4-Dimethyl-2-(1,1,3,3-tetramethylindan-5-yl)-1,3-dioxolane",221640,"""""; CAS No. 1240699-51-7 from http://www.molbase.com/moldata/15835029.html","C[C@@H]1CO[C@@](C)(O1)c2ccc3c(c2)C(C)(C)CC3(C)C","C[C@@H]1CO[C@@](C)(O1)c2ccc3c(c2)C(C)(C)CC3(C)C",chem draw + cactus ,LC,1.80E+01,ngL-1 air(+/- 8.9 s.d.),0.018000000000000002,weak metallic odor with uncharacteristic woody\\xe2\\x80\\x93ambery aspects,,175,1.0791812460476249,-2.5576408515395497
352,352,"(2S,4S)-2,4-Dimethyl-2-(1,1,3,3-tetramethyl-1,3-disilaindan-5-yl)-1,3-dioxolane",102993,https://pubchem.ncbi.nlm.nih.gov/compound/2_4-Dimethyl-1_3-dioxolane; CAS No. 1240699-57-3 from http://www.molbase.com/moldata/15835009.html,C[C@H]1CO[C@@](C)(O1)c2ccc3c(c2)[Si](C)(C)C[Si]3(C)C\r,C[C@H]1CO[C@@](C)(O1)c2ccc3c(c2)[Si](C)(C)C[Si]3(C)C\r,chem draw + cactus,LC,1.00E+01,ngL-1 air(+/- 8.2 s.d.),0.01,"agrestic, borneol-like odor of woody\\xe2\\x80\\x93earthy character with some aspects of wet moss (not ambery at all)",,176,1.3010299956639813,-3.0211892990699383
354,354,"(2S,4R)-2,4-Dimethyl-2-(1,1,3,3-tetramethyl-1,3-disilaindan-5-yl)-1,3-dioxolane",102993,""""" CAS No. 1240699-55-1 from http://www.molbase.com/moldata/15835013.html","C[C@@H]1CO[C@@](C)(O1)c2ccc3c(c2)[Si](C)(C)C[Si]3(C)C","C[C@@H]1CO[C@@](C)(O1)c2ccc3c(c2)[Si](C)(C)C[Si]3(C)C",chem draw + cactus,LC,3.10E+00,ngL-1 air(+/- 1.4 s.d.),0.0031,"similar woody\\xe2\\x80\\x93ambery note in the direction of okoumal, but overall clearly weaker than the (2R,4R)-enantiomer",,177,0.4913616938342727,-2.8203921672214816
356,356,"(+)-(2S,5S)-Cassyrane",11658397,http://www.thegoodscentscompany.com/data/rw1066191.html CAS No. 1092785-58-4 from http://www.molbase.com/moldata/32860513.html,CCC[C@@]1(O[C@@H](C)C=C1)C(C)(C)C,CCC[C@@]1(O[C@@H](C)C=C1)C(C)(C)C,Extended Leffingwell Name + Cactus,DW,4.00E+01,ng/L air,0.04,"Fruity, cassis, raspberry-type odor with slight herbaceous aspects recalling rosemary",,178,0.5314789170422551,-1.2088837724519887
358,358,"(+)-(2R,5S)-Cassyrane",11658397,"""""",CCC[C@]1(O[C@@H](C)C=C1)C(C)(C)C,CCC[C@]1(O[C@@H](C)C=C1)C(C)(C)C,Extended Leffingwell Name + Cactus,DW,4.00E+01,ng/L air,0.04,Fruity-juicy cassis odor with slightly agrestic aspects and nuances of eucalyptus seed and dried leaves,,179,1.8616973018337186,-2.9645381820609873
360,360,"(+)-(2S,5S)-Dihydrocassyrane",0,,CCC[C@]1(CC[C@H](C)O1)C(C)(C)C,CCC[C@]1(CC[C@H](C)O1)C(C)(C)C,Extended Leffingwell Name + Cactus,DW,2.40E+01,ng/L air,0.024,"Fruity-winey, cassis odor with aspects of raspberry and strawberry, and a slightly fatty tonality",,180,1.1687920203141817,-1.3472473004358503
362,362,"(+)-(2R,5S)-Dihydrocassyrane",0,,CCC[C@@]1(CC[C@H](C)O1)C(C)(C)C,CCC[C@@]1(CC[C@H](C)O1)C(C)(C)C,Extended Leffingwell Name + Cactus,DW,1.01E+02,ng/L air,0.101,"Weak, fruity, cassis-type odor with fresh, camphoraceous and slightly woody facets",,181,0.7032913781186614,-1.4764040052058451
364,364,"(2R,3R)-(+)-2-methyltetrahydrofuran-3-thiol acetate",7157262,https://pubchem.ncbi.nlm.nih.gov/compound/7157262,C[C@H]1OCC[C@H]1SC(C)=O\r,C[C@H]1OCC[C@H]1SC(C)=O\r,chem draw + cactus,LC,3.80E+00,ng/L air,0.0038,"raw garlic and onion-like, savory, musty, sulfurous",,182,0.17609125905568124,-2.3410351573355648
366,366,"(2R,3S)-(+)-2-methyltetrahydrofuran-3-thiol acetate",7157263,https://pubchem.ncbi.nlm.nih.gov/compound/2S_3R_-2-Methyltetrahydrofuran-3-thiol,"C[C@H]1OCC[C@@H]1SC(C)=O\r","C[C@H]1OCC[C@@H]1SC(C)=O\r",chem draw + cactus,LC,1.86E+01,ng/L air,0.0186,"meaty, sesame paste, fried onion and garlic, sweet, sulfurous",,183,0.4061900840974604,-1.9794339640788985
368,368,"(+)-(S)-1-tert-butyl-2,3,3a,4,6,7-hexahydro-3a-methylinden-5-one - Odor description (10% DPG, blotter)",10908,https://pubchem.ncbi.nlm.nih.gov/compound/Tert-butyl-acetate,CC(C)(C)C1=C2CCC(=O)C[C@]2(C)CC1,CC(C)(C)C1=C2CCC(=O)C[C@]2(C)CC1,Cactus,DW,1.06E+01,ngL-1 air,0.0106,"dark woody (woody facet of Cashmeran), agrestic odor with slightly smoky aspects, and nuances of vetiver and oud, and with slightly floral facets (rosy in Mefrosol direction). The odor is more floral and woody than that of the (R)-enantiomer",,184,0.25078889953622063,-2.1179451714544366
370,370,"(-)-(S)-1-tert-butyl-2,3,3a,4-tetrahydro-3a-methylinden-5-one - Odor description (10% DPG, blotter)",10908,,CC(C)(C)C1=C2C=CC(=O)C[C@]2(C)CC1,CC(C)(C)C1=C2C=CC(=O)C[C@]2(C)CC1,Cactus,DW,3.79E+01,ngL-1 air,0.0379,"woody, dry, agrestic odor with coniferous aspects and a slightly fruity, animalic and powdery tonality",,185,0.39966226267490296,-1.665629716675566
372,372,(R)-(+)-(E)-alpha-ionone,5282108,,CC(=O)/C=C/[C@H]1C(=CCCC1(C)C)C\r,CC(=O)/C=C/[C@H]1C(=CCCC1(C)C)C\r,chem draw + cactus,LC,0.03-328,ppb,0.03,"violet-like, fruity, raspberry-like, flowery, strong impact",,186,0.5228787452803376,-1.335792101923193
376,376,(R)-(+)-(E)-alpha-damascone,5366077,,C/C=C/C(=O)[C@H]1C(=CCCC1(C)C)C\r,C/C=C/C(=O)[C@H]1C(=CCCC1(C)C)C\r,chem draw + cactus,LC,1.00E+02,ppb,100.0,"odor character was reminiscent of rose petals, with apple & fruitier notes than (S)-(-)-(E)-alpha-damascone . When used as a flavoring ingredient, (R)-(+)-alpha-damascone possesses also a somehat woody, camphory, dirty and musty taste",,188,1.8239087409443189,0.4706552124704307
378,378,"(1R,6S)-(+)-ethyl tetrahydrosafranate",11735763,Matches according to GoodScents on CAS 22471-55-2,CCOC(=O)[C@@H]1[C@@H](C)CCCC1(C)C\r,CCOC(=O)[C@@H]1[C@@H](C)CCCC1(C)C\r,chem draw + cactus,LC,2.00E+01,ppb,20.0,clean and sweet floral,,189,0.6989700043360189,1.5228787452803374
380,380,"(1R,6S)-(-)-1,6-dihydrodamascone",53754001,http://www.thegoodscentscompany.com/allproc-7.html,C/C=C/C(=O)C[C@H]1[C@H](C)CCCC1(C)C\r,C/C=C/C(=O)C[C@H]1[C@H](C)CCCC1(C)C\r,chem draw + cactus,LC,5.00E+00,ppb,5.0,ripe fruity odor with fresh rosy note,,190,0.8239087409443188,0.11539341870206957
382,382,"(1\\\'R,6\\\'S)-(+)-1\\\',2,3,6\\\'-tetrahydrodamascone",5374527,https://pubchem.ncbi.nlm.nih.gov/compound/beta-Damascone,CCCC(=O)[C@@H]1[C@@H](C)CCCC1(C)C\r,CCCC(=O)[C@@H]1[C@@H](C)CCCC1(C)C\r,chem draw + cactus,LC,1.00E+01,ppb,10.0,heavy fruity,,191,0.3979400086720376,1.154901959985743
384,384,"(1S,6S)-(+)-1,6-dihydroionone",519382,http://www.thegoodscentscompany.com/data/rw1019322.html,C[C@H]1CCCC(C)(C)[C@@H]1\\C=C\\C(C)=O\r,C[C@H]1CCCC(C)(C)[C@@H]1\\C=C\\C(C)=O\r,chem draw + cactus,LC,2.50E+01,ppb,25.0,"very strong violet leaf odor like alpha-ionone (Yamamoto, et. al.); aromatic, carvone, woody, humus, powdery, ionone, myrrh, violet, strong (Chapuis & Brauchli)",,192,0.3979400086720376,1.154901959985743
386,386,(R)-(+)-Dihydro-alpha-ionone,12858404,,CC(=O)CC[C@H]1C(=CCCC1(C)C)C\r,CC(=O)CC[C@H]1C(=CCCC1(C)C)C\r,chem draw + cactus,LC,3.10E+01,ppb,31.0,"Floral, violet-type odor with slightly fruity aspects. Also possesses a woody side, but less pronounced than in dihydro-beta-ionone",,193,0.5086383061657272,1.6751203938424897
388,388,(R)-(-)-Dihydro-gamma-ionone,92256353,,CC(=O)CC[C@H]1C(=C)CCCC1(C)C\r,CC(=O)CC[C@H]1C(=C)CCCC1(C)C\r,chem draw + cactus,LC,6.20E+00,ppb,6.2,"Emanates a fatty, earthy odor with floral, orris-type nuances",,194,0.7986729175282453,1.0293478573773522
390,390,"(1R,6S)-(+)-tetrahydroionol",107272,,C[C@@H](O)CC[C@@H]1[C@@H](C)CCCC1(C)C\r,C[C@@H](O)CC[C@@H]1[C@@H](C)CCCC1(C)C\r,chem draw + cactus,LC,4.00E+02,ppb,400.0,"diffusive amber odor with slightly floral, orrisy and earthy note (Yamamoto et al.); also described as slightly floral and orris-lke amber fragrance (Ohmoto et al. for an ~95: 5 % ratio of trans/cis isomers)",,195,0.3979400086720376,2.7569619513137056
392,392,"(1\\\'R,6\\\'S)-(+)-1-(2\\\',2\\\',6\\\'-Trimethyl-cyclohexyl)-pentan-3-ol",13512565,https://pubchem.ncbi.nlm.nih.gov/compound/3-_Methoxymethyl_pentan-3-ol,CCC(=O)CC[C@@H]1[C@@H](C)CCCC1(C)C\r,CCC(=O)CC[C@@H]1[C@@H](C)CCCC1(C)C\r,chem draw + cactus,LC,5.60E+01,ppb,56.0,very diffusive sharp amber odor with slight orrisy camphoraceous side note,,196,1.1863104242373672,2.021821000245899
394,394,"(1S,5R)-(+)-cis-alpha-irone",5281521,,C[C@@H]1CC=C(C)[C@H](\\C=C\\C(C)=O)C1(C)C\r,C[C@@H]1CC=C(C)[C@H](\\C=C\\C(C)=O)C1(C)C\r,chem draw + cactus,LC,1.00E+05,ppb,100000.0,"iris, sweet irone odour, woody ionone, floral, fruity (Galfry, et.al, by GC sniffing); Violet like, with woody, methylionone undertones (Brenna, et. al.)",,197,1.0,4.259637310505756
396,396,"(1S,5R)-(+)-cis-gamma-irone",6433146,,C[C@@H]1CCC(=C)[C@H](\\C=C\\C(C)=O)C1(C)C\r,C[C@@H]1CCC(=C)[C@H](\\C=C\\C(C)=O)C1(C)C\r,chem draw + cactus,LC,1.00E-01,ppb,0.1,"iris, sweet, woody ionone, dry floral (Galfry, et.al, by GC sniffing); Inoue, et. al., indicate the (-)-cis-gamma-irone fragrance is Floral, green; weak; Brenna, et. al. describe it as showing a floral, fatty, sweet, and woody odour character, an ionone-type odour with slightly sweet aspects",,198,2.1249387366083,-2.8271537957574657
398,398,"(1S,5S)-(-)-trans-gamma-irone",11735894,,C[C@H]1CCC(=C)[C@H](\\C=C\\C(C)=O)C1(C)C\r,C[C@H]1CCC(=C)[C@H](\\C=C\\C(C)=O)C1(C)C\r,chem draw + cactus,LC,2.64E-02,ppb,0.0264,"iris and floral note, ionone, like trans-alpha-irone (Galfry, et.al, by GC sniffing); Brenna, et. al. describe it as not very powerful, but it possesses a soft \\xe2\\x80\\x98orris-butter\\xe2\\x80\\x99-type of odour",,199,0.6353009244666415,-1.3678283339235016
400,400,"(6S)-(+)-8,9-dehydrotheaspirone",6428985,,CC1=CC[C@@]2(O1)C(=CC(=O)CC2(C)C)C\r,CC1=CC[C@@]2(O1)C(=CC(=O)CC2(C)C)C\r,chem draw + cactus,LC,1.00E+02,ppb,100.0,"Fruity-floral aroma (Kataoka, et. al.); floral, woody-ambery, powdery, reminiscent of Cetonal with natural fruity, orris-like facets (Serra, et. al.)",,200,0.6989700043360189,2.221848749616356
402,402,"(-)-(6R)-3,4-Didehydro-gamma-ionone",5363741,http://www.thegoodscentscompany.com/data/rw1035361.html,CC(=O)/C=C/[C@H]1C(=C)C=CCC1(C)C\r,CC(=O)/C=C/[C@H]1C(=C)C=CCC1(C)C\r,chem draw + cactus,LC,2.50E-01,ng/L air,0.00025,"weaker than (+)-(S)-isomer, fruity-floral, slightly woody",,201,0.494850021680094,-3.916453948549925
404,404,"(-)-(6R)-3,4-Didehydro-7,8-dihydro-gamma-ionone",114558,http://www.thegoodscentscompany.com/data/rw1381991.html,"CC(=O)CC[C@H]1C(=C)C=CCC1(C)C","CC(=O)CC[C@H]1C(=C)C=CCC1(C)C",chem draw + cactus,LC,9.94E+01,ng/L iar,0.0994,"weaker on blotter than (+)-(S)-isomer, fruity, agrestic, floral, ionone- and damascone-like, slightly woody, and saffron-like",,202,0.033598557051758064,-1.019737726033975
406,406,(+)-(6R)-alpha-Iso-methylionone (ee = 94%),5372174,,"CC(=O)C(/C)=C/[C@H]1C(=CCCC1(C)C)C","CC(=O)C(/C)=C/[C@H]1C(=CCCC1(C)C)C",chem draw + cactus,LC,7.90E-02,ng/L air,7.900000000000001e-05,"typical dry warm ionone note, irisone, clean tea-like, also on blotter more intense and dryer than (-)-enantiomer",,203,1.0214510010856326,-3.840828703891471
408,408,(+)-(6R)-alpha-n-Methylionone (ee = 93%),16751505,,"CCC(=O)/C=C/[C@H]1C(=CCCC1(C)C)C","CCC(=O)/C=C/[C@H]1C(=CCCC1(C)C)C",chem draw + cactus,LC,5.30E-01,ng/L air,0.00053,"woody, powdery, floral odour in the direction of the ionone family, but less powerful and less intense. Dry-down linear, after 4 h woody-ionone, somewhat orris-like, and after 24 h woody-ionone, fruity, raspberry-type",,204,0.344064627889183,-3.4809736181961055
410,410,"(4S,7R)-(-)-galaxolide",14177990,,"C[C@@H]1COCc2cc3c(cc12)C(C)(C)[C@@H](C)C3(C)C","C[C@@H]1COCc2cc3c(cc12)C(C)(C)[C@@H](C)C3(C)C",chem draw + cactus,LC,6.30E-04,in air,6.3e-07,powerful musk odor,,205,2.3146028028532553,-5.901729029424806
412,412,"(4R,7R)-(+)-galaxolide",91497,,C[C@H]1COCc2cc3c(cc12)C(C)(C)[C@@H](C)C3(C)C\r,C[C@H]1COCc2cc3c(cc12)C(C)(C)[C@@H](C)C3(C)C\r,chem draw + cactus,LC,4.40E-01,in air,0.00044,weak to almost odorless,,206,2.6434526764861874,-5.69995591731767
420,420,"(+)-(3R)-3,7-dimethyloct-6-enyl ethyl oxalate",40428225,,CCOC(=O)C(=O)OCC[C@H](C)CCC=C(C)C,CCOC(=O)C(=O)OCC[C@H](C)CCC=C(C)C,Cactus,DW,2.00E+02,ppb,200.0,Floral musk,,210,0.3979400086720376,2.4559319556497243
422,422,"Ethyl (1S)-1-[(1\\\'R)-3,3-dimethylcyclohexyl]ethyl malonate",70615,"https://pubchem.ncbi.nlm.nih.gov/compound/Ethyl-hydrogen-malonate; I assumed ppb for the units that start with ""REL""",CCOC(=O)CC(=O)O[C@@H](C)[C@@H]1CCCC(C)(C)C1\r,CCOC(=O)CC(=O)O[C@@H](C)[C@@H]1CCCC(C)(C)C1\r,chem draw + cactus,LC,7.50E+00,Rel. Odor Int,7.5,"Powerful Musky, Fruity, Woody, Ambery",,211,0.17609125905568127,0.7781512503836435
424,424,"Ethyl (1S)-1-[(1\\\'RS)-3,3-dimethylcyclohexyl]ethyl malonate",70615,"""""","CCOC(=O)CC(=O)O[C@@H](C)C1CCCC(C)(C)C1","CCOC(=O)CC(=O)O[C@@H](C)C1CCCC(C)(C)C1",chem draw + cactus,LC,6.00E+00,Rel. Odor Int,6.0,"Musky, Fruity, Honey, Woody, Ambery",,212,0.17609125905568127,0.6812412373755873
426,426,(-)-Ambrox\\xc2\\xae,107166,"As usual, I assumed the blank units in this section to be ppm",CC1(C)CCC[C@@]2(C)[C@H]1CC[C@@]3(C)OCC[C@H]23,CC1(C)CCC[C@@]2(C)[C@H]1CC[C@@]3(C)OCC[C@H]23,Extended Leffingwell Name + Cactus,DW,3.00E-01,,300.0,"moist, soft, creamy, persistent, warm, animalic, amber odor with a velvety effect",,213,0.9030899869919435,2.7269987279362624
428,428,"(4R,4aS,6R)-(+)-nootkatone",1268142,,C[C@@H]1CC(=O)C=C2CC[C@H](C[C@@]12C)C(C)=C\r,C[C@@H]1CC(=O)C=C2CC[C@H](C[C@@]12C)C(C)=C\r,chem draw + cactus,LC,8.00E+02,,800000.0,"strong grapefruit odor, bitter in taste",,214,2.8750612633917,6.203541309043456
430,430,"(+)-(4R,4aS,6R,8aS)-Tetrahydronootkatone",11658623,,CC(C)[C@@H]1CC[C@H]2CC(=O)C[C@@H](C)[C@]2(C)C1\r,CC(C)[C@@H]1CC[C@H]2CC(=O)C[C@@H](C)[C@]2(C)C1\r,chem draw + cactus,LC,5000-20000,,5000000.0,"dusty-woody, fresh, green, sour, spicy, herbal, slightly fruity, animal, erogenic",,215,0.7781512503836436,6.933053210369387
432,432,"(4R,4aS)-(+)-alpha-vetivone",442405,,C[C@H]1CC(=O)C=C2CCC(C[C@]12C)=C(C)C\r,C[C@H]1CC(=O)C=C2CCC(C[C@]12C)=C(C)C\r,chem draw + cactus,LC,600-1000,,600000.0,some grapefruit character in combination with its strong characteristic woody balsamic odor; also has been described as floral-waxy-woody,,216,1.0,6.0377885608894
434,434,"(+)-8-Dehydro-11,12-dihydronootkatone",71587038,http://www.thegoodscentscompany.com/data/rw1038261.html,CC(C)[C@H]1C[C@@]2(C)[C@H](C)CC(=O)C=C2C=C1\r,CC(C)[C@H]1C[C@@]2(C)[C@H](C)CC(=O)C=C2C=C1\r,chem draw + cactus,LC,5000-10000,,5000000.0,"On an odor rating scale: fresh, green, sour, dusty-woody, herbal-spicy, slightly animal, erogenic, fruity",,217,0.9030899869919435,6.948847477552619
436,436,"(-)-(1aR,5R,5aS,6aR)-Tricycloketone",71587038,"""""",CC(C)[C@]12C[C@H]1C3=CC(=O)C[C@@H](C)[C@]3(C)C2,CC(C)[C@]12C[C@H]1C3=CC(=O)C[C@@H](C)[C@]3(C)C2,Cactus,DW,40000-80000,,40000000.0,"On an odor rating scale: dusty-woody, fresh, green, sour, spicy herbal, slightly animal, erogenic",,218,0.3010299956639812,7.726998727936262
442,442,"(1\\\'R,E)-(+)-2-Methyl-4-(2\\\',2\\\',3\\\'-trimethyl-cyclopent-3-enyl)-but-2-en-1-ol",6438196,http://www.thegoodscentscompany.com/data/rw1009652.html,C\\C(CO)=C/C[C@H]1CC=C(C)C1(C)C,C\\C(CO)=C/C[C@H]1CC=C(C)C1(C)C,ChemDraw + Cactus,DW,5.40E+01,ppb,54.0,fresh and strong sandalwood oil odor associated with green trees,,221,0.8949720967697642,1.9813617154675636
446,446,"(-)-(2R)-2-methyl-4-[(1R)-2,2,3-trimethylcyclopent-3-en-1-yl]butan-1-ol",1747970,,CC1=CC[C@H](C1(C)C)CC[C@@H](C)CO,,,,1.87E+01,ppb,18.7,peculiar sandalwood\\\'s strongly excellent smell,,223,0.9482664815035561,1.526512794800294
452,452,"(1S,3S,1\\\'S,2\\\'R,4\\\'S,6\\\'S) (+)-erythro-trans-3-isocamphylcyclohexanol",0,,C[C@H]1[C@H]2C[C@H](C[C@@H]2[C@H]3CCC[C@H](O)C3)C1(C)C,C[C@H]1[C@H]2C[C@H](C[C@@H]2[C@H]3CCC[C@H](O)C3)C1(C)C,ChemDraw + Cactus,DW,7.00E+00,ppb,7.0,"sandalwood like odor without moldy feeling, and it is sufficiently diffusive",,226,0.36797678529459443,0.6232492903979004
454,454,"(2S,3R,4E)-3-methyl-4-[(1R,2R,6R,7R)-tricyclo[5.2.1.02,6]dec-4-en-8-ylidene]butan-2-ol",91749106,https://pubchem.ncbi.nlm.nih.gov/compound/91749106,C[C@H](O)[C@H](C)\\C=C\\1C[C@H]2C[C@@H]1[C@@H]3C=CC[C@H]23,C[C@H](O)[C@H](C)\\C=C\\1C[C@H]2C[C@@H]1[C@@H]3C=CC[C@H]23,Cactus,DW,5.00E+00,ppb,5.0,"very strong, sandal(wood), animalic",,227,1.526339277389844,0.9872631785970675
456,456,"(2R,3S,4E)-3-methyl-4-[(1R,2R,6R,7R)-tricyclo[5.2.1.02,6]dec-4-en-8-ylidene]butan-2-ol",91749106,"""""",C[C@@H](O)[C@@H](C)\\C=C\\1C[C@H]2C[C@@H]1[C@@H]3C=CC[C@H]23,C[C@@H](O)[C@@H](C)\\C=C\\1C[C@H]2C[C@@H]1[C@@H]3C=CC[C@H]23,Cactus,DW,7.00E+01,ppb,70.0,"sandal(wood), animalic",,228,0.012234456417011586,1.85117218772645
458,458,"(2R,3R,4E)-3-methyl-4-[(1R,2R,6R,7R)-tricyclo[5.2.1.02,6]dec-4-en-8-ylidene]butan-2-ol",91749106,"""""",C[C@@H](O)[C@H](C)\\C=C\\1C[C@H]2C[C@@H]1[C@@H]3C=CC[C@H]23,C[C@@H](O)[C@H](C)\\C=C\\1C[C@H]2C[C@@H]1[C@@H]3C=CC[C@H]23,Cactus,DW,1.37E+02,ppb,137.0,"sandal(wood), floral",,229,0.06467655716404472,2.167855976081901
460,460,"(2S,3S,4E)-3-methyl-4-[(1R,2R,6R,7R)-tricyclo[5.2.1.02,6]dec-4-en-8-ylidene]butan-2-ol",91749106,"""""",C[C@H](O)[C@@H](C)\\C=C\\1C[C@H]2C[C@@H]1[C@@H]3C=CC[C@H]23,C[C@H](O)[C@@H](C)\\C=C\\1C[C@H]2C[C@@H]1[C@@H]3C=CC[C@H]23,Cactus,DW,4.60E+01,ppb,46.0,"strong sandal(wood), floral",,230,0.6468723357443247,1.8754779860994164
